Day;Alive animals;Corpses;Plants;Free fields for plants;Free fields;Famous Genotype; Corpses;Average alive animals energy;Average death lifespan
1;103;0;66;2434;2340;[0, 0, 7, 2, 3, 2, 5, 5, 2, 6];0;19.572815;0.0
2;103;0;83;2417;2319;[0, 0, 7, 2, 3, 2, 5, 5, 2, 6];0;18.786407;0.0
3;103;0;100;2400;2300;[0, 0, 7, 2, 3, 2, 5, 5, 2, 6];0;18.009708;0.0
4;103;0;115;2385;2283;[0, 0, 7, 2, 3, 2, 5, 5, 2, 6];0;17.495146;0.0
5;103;0;129;2371;2271;[0, 0, 7, 2, 3, 2, 5, 5, 2, 6];0;16.961164;0.0
6;103;0;142;2358;2258;[0, 0, 7, 2, 3, 2, 5, 5, 2, 6];0;16.466019;0.0
7;103;0;160;2340;2238;[0, 0, 7, 2, 3, 2, 5, 5, 2, 6];0;15.54369;0.0
8;103;0;175;2325;2224;[0, 0, 7, 2, 3, 2, 5, 5, 2, 6];0;14.834951;0.0
9;104;0;188;2312;2213;[0, 0, 7, 2, 3, 2, 5, 5, 2, 6];0;14.192307;0.0
10;105;0;203;2297;2196;[0, 0, 7, 2, 3, 2, 5, 5, 2, 6];0;13.457143;0.0
11;105;0;217;2283;2183;[0, 0, 7, 2, 3, 2, 5, 5, 2, 6];0;13.028571;0.0
12;104;1;231;2269;2167;[0, 0, 7, 2, 3, 2, 5, 5, 2, 6];1;12.596154;11.0
13;100;5;247;2253;2155;[0, 0, 7, 2, 3, 2, 5, 5, 2, 6];5;12.44;11.8
14;99;7;259;2241;2145;[0, 1, 6, 4, 4, 6, 5, 0, 5, 4];7;12.262627;12.142858
15;94;12;275;2225;2134;[0, 2, 0, 5, 2, 5, 0, 7, 5, 4];12;12.074468;12.916667
16;93;13;287;2213;2123;[0, 2, 0, 5, 2, 5, 0, 7, 5, 4];13;12.053763;13.076923
17;90;16;300;2200;2111;[0, 2, 0, 5, 2, 5, 0, 7, 5, 4];16;12.155556;13.625
18;90;16;310;2190;2102;[0, 2, 0, 5, 2, 5, 0, 7, 5, 4];16;12.266666;13.625
19;88;19;326;2174;2089;[0, 2, 0, 5, 2, 5, 0, 7, 5, 4];19;11.681818;13.842105
20;87;20;339;2161;2078;[0, 2, 0, 5, 2, 5, 0, 7, 5, 4];20;11.609196;14.1
21;41;66;352;2148;2109;[0, 4, 4, 3, 3, 7, 4, 5, 4, 1];66;24.219513;18.212122
22;40;67;365;2135;2096;[0, 4, 4, 3, 3, 7, 4, 5, 4, 1];67;25.55;18.25373
23;40;67;375;2125;2087;[0, 4, 4, 3, 3, 7, 4, 5, 4, 1];67;26.975;18.25373
24;38;69;388;2112;2077;[0, 4, 4, 3, 3, 7, 4, 5, 4, 1];69;29.026316;18.391304
25;39;69;403;2097;2060;[0, 4, 4, 3, 3, 7, 4, 5, 4, 1];69;28.051283;18.391304
26;39;69;414;2086;2047;[0, 4, 4, 3, 3, 7, 4, 5, 4, 1];69;29.358974;18.391304
27;38;70;425;2075;2039;[0, 4, 4, 3, 3, 7, 4, 5, 4, 1];70;31.31579;18.5
28;37;71;439;2061;2025;[0, 4, 4, 3, 3, 7, 4, 5, 4, 1];71;32.135136;18.619719
29;37;71;453;2047;2010;[0, 4, 4, 3, 3, 7, 4, 5, 4, 1];71;32.72973;18.619719
30;36;72;466;2034;2001;[0, 4, 4, 3, 3, 7, 4, 5, 4, 1];72;34.555557;18.76389
31;27;81;480;2020;1996;[1, 0, 5, 6, 1, 3, 3, 6, 1, 3];81;46.962963;19.91358
32;26;82;493;2007;1982;[1, 0, 5, 6, 1, 3, 3, 6, 1, 3];82;50.423077;20.04878
33;25;83;508;1992;1970;[1, 0, 5, 6, 1, 3, 3, 6, 1, 3];83;52.92;20.192772
34;24;84;526;1974;1952;[1, 0, 5, 6, 1, 3, 3, 6, 1, 3];84;54.916668;20.190475
35;24;84;537;1963;1942;[1, 0, 5, 6, 1, 3, 3, 6, 1, 3];84;57.666668;20.190475
36;24;84;550;1950;1928;[1, 0, 5, 6, 1, 3, 3, 6, 1, 3];84;59.583332;20.190475
37;24;84;561;1939;1917;[1, 0, 5, 6, 1, 3, 3, 6, 1, 3];84;62.333332;20.190475
38;24;84;570;1930;1911;[1, 0, 5, 6, 1, 3, 3, 6, 1, 3];84;65.916664;20.190475
39;24;84;581;1919;1897;[1, 0, 5, 6, 1, 3, 3, 6, 1, 3];84;68.666664;20.190475
40;24;84;592;1908;1886;[1, 0, 5, 6, 1, 3, 3, 6, 1, 3];84;71.416664;20.190475
41;22;86;600;1900;1880;[1, 0, 5, 6, 1, 3, 3, 6, 1, 3];86;82.27273;20.651163
42;22;86;613;1887;1868;[1, 0, 5, 6, 1, 3, 3, 6, 1, 3];86;82.681816;20.651163
43;22;86;625;1875;1859;[1, 0, 5, 6, 1, 3, 3, 6, 1, 3];86;85.318184;20.651163
44;21;87;636;1864;1848;[1, 0, 5, 6, 1, 3, 3, 6, 1, 3];87;92.61905;20.908047
45;21;87;648;1852;1840;[1, 0, 5, 6, 1, 3, 3, 6, 1, 3];87;92.09524;20.908047
46;22;87;660;1840;1826;[1, 0, 5, 6, 1, 3, 3, 6, 1, 3];87;90.59091;20.908047
47;22;88;671;1829;1817;[1, 0, 5, 6, 1, 3, 3, 6, 1, 3];88;93.681816;21.193182
48;23;88;682;1818;1805;[1, 0, 5, 6, 1, 3, 3, 6, 1, 3];88;92.565216;21.193182
49;23;88;692;1808;1795;[1, 0, 5, 6, 1, 3, 3, 6, 1, 3];88;95.91304;21.193182
50;23;88;701;1799;1785;[1, 0, 5, 6, 1, 3, 3, 6, 1, 3];88;99.695656;21.193182
51;22;89;710;1790;1779;[1, 0, 5, 6, 1, 3, 3, 6, 1, 3];89;108.181816;21.516853
52;22;89;720;1780;1768;[1, 0, 5, 6, 1, 3, 3, 6, 1, 3];89;111.72727;21.516853
53;23;89;731;1769;1758;[1, 0, 5, 6, 1, 3, 3, 6, 1, 3];89;109.82609;21.516853
54;23;89;739;1761;1749;[1, 0, 5, 6, 1, 3, 3, 6, 1, 3];89;110.565216;21.516853
55;23;89;745;1755;1743;[1, 0, 5, 6, 1, 3, 3, 6, 1, 3];89;115.652176;21.516853
56;23;89;752;1748;1735;[1, 0, 5, 6, 1, 3, 3, 6, 1, 3];89;117.478264;21.516853
57;23;89;762;1738;1724;[1, 0, 5, 6, 1, 3, 3, 6, 1, 3];89;118.608696;21.516853
58;23;89;774;1726;1711;[1, 0, 5, 6, 1, 3, 3, 6, 1, 3];89;121.08696;21.516853
59;23;89;783;1717;1704;[1, 0, 5, 6, 1, 3, 3, 6, 1, 3];89;123.608696;21.516853
60;23;89;793;1707;1693;[1, 0, 5, 6, 1, 3, 3, 6, 1, 3];89;126.95652;21.516853
61;22;90;803;1697;1684;[1, 0, 5, 6, 1, 3, 3, 6, 1, 3];90;136.22728;21.944445
62;22;90;813;1687;1675;[1, 0, 5, 6, 1, 3, 3, 6, 1, 3];90;137.36363;21.944445
63;22;90;822;1678;1664;[1, 0, 5, 6, 1, 3, 3, 6, 1, 3];90;136.90909;21.944445
64;22;90;833;1667;1653;[1, 0, 5, 6, 1, 3, 3, 6, 1, 3];90;140.0;21.944445
65;22;90;842;1658;1645;[1, 0, 5, 6, 1, 3, 3, 6, 1, 3];90;144.0;21.944445
66;22;90;854;1646;1633;[1, 0, 5, 6, 1, 3, 3, 6, 1, 3];90;146.63637;21.944445
67;22;90;862;1638;1625;[1, 0, 5, 6, 1, 3, 3, 6, 1, 3];90;151.09091;21.944445
68;22;90;872;1628;1615;[1, 0, 5, 6, 1, 3, 3, 6, 1, 3];90;154.63637;21.944445
69;22;90;879;1621;1609;[1, 0, 5, 6, 1, 3, 3, 6, 1, 3];90;159.54546;21.944445
70;22;90;889;1611;1599;[1, 0, 5, 6, 1, 3, 3, 6, 1, 3];90;163.09091;21.944445
71;21;91;898;1602;1591;[1, 0, 5, 6, 1, 3, 3, 6, 1, 3];91;175.04762;22.472527
72;21;91;905;1595;1584;[1, 0, 5, 6, 1, 3, 3, 6, 1, 3];91;180.2381;22.472527
73;22;91;915;1585;1574;[1, 0, 5, 6, 1, 3, 3, 6, 1, 3];91;174.90909;22.472527
74;22;91;918;1582;1572;[1, 0, 5, 6, 1, 3, 3, 6, 1, 3];91;181.63637;22.472527
75;22;91;924;1576;1565;[1, 0, 5, 6, 1, 3, 3, 6, 1, 3];91;186.81818;22.472527
76;22;91;929;1571;1561;[1, 0, 5, 6, 1, 3, 3, 6, 1, 3];91;185.0;22.472527
77;22;91;937;1563;1552;[1, 0, 5, 6, 1, 3, 3, 6, 1, 3];91;189.45454;22.472527
78;22;91;943;1557;1546;[1, 0, 5, 6, 1, 3, 3, 6, 1, 3];91;194.81818;22.472527
79;22;91;952;1548;1536;[1, 0, 5, 6, 1, 3, 3, 6, 1, 3];91;198.81818;22.472527
80;22;91;959;1541;1530;[1, 0, 5, 6, 1, 3, 3, 6, 1, 3];91;203.72728;22.472527
81;23;91;967;1533;1522;[0, 5, 3, 2, 4, 3, 1, 7, 1, 3];91;199.13043;22.472527
82;23;91;973;1527;1516;[0, 5, 3, 2, 4, 3, 1, 7, 1, 3];91;204.21739;22.472527
83;23;91;975;1525;1513;[0, 5, 3, 2, 4, 3, 1, 7, 1, 3];91;211.04347;22.472527
84;23;91;981;1519;1507;[0, 5, 3, 2, 4, 3, 1, 7, 1, 3];91;216.13043;22.472527
85;23;91;990;1510;1498;[0, 5, 3, 2, 4, 3, 1, 7, 1, 3];91;219.91304;22.472527
86;23;91;996;1504;1492;[0, 5, 3, 2, 4, 3, 1, 7, 1, 3];91;221.08696;22.472527
87;23;91;1004;1496;1483;[0, 5, 3, 2, 4, 3, 1, 7, 1, 3];91;219.21739;22.472527
88;23;91;1010;1490;1477;[0, 5, 3, 2, 4, 3, 1, 7, 1, 3];91;224.30435;22.472527
89;23;91;1020;1480;1466;[0, 5, 3, 2, 4, 3, 1, 7, 1, 3];91;225.04347;22.472527
90;23;91;1029;1471;1458;[0, 5, 3, 2, 4, 3, 1, 7, 1, 3];91;228.82608;22.472527
91;23;91;1035;1465;1452;[0, 5, 3, 2, 4, 3, 1, 7, 1, 3];91;233.91304;22.472527
92;23;91;1041;1459;1446;[0, 5, 3, 2, 4, 3, 1, 7, 1, 3];91;232.91304;22.472527
93;23;91;1047;1453;1440;[0, 5, 3, 2, 4, 3, 1, 7, 1, 3];91;238.0;22.472527
94;23;91;1056;1444;1430;[0, 5, 3, 2, 4, 3, 1, 7, 1, 3];91;241.78261;22.472527
95;23;91;1063;1437;1423;[0, 5, 3, 2, 4, 3, 1, 7, 1, 3];91;246.43478;22.472527
96;23;91;1072;1428;1414;[0, 5, 3, 2, 4, 3, 1, 7, 1, 3];91;250.21739;22.472527
97;24;91;1083;1417;1402;[0, 5, 3, 2, 4, 3, 1, 7, 1, 3];91;242.58333;22.472527
98;24;91;1091;1409;1395;[0, 5, 3, 2, 4, 3, 1, 7, 1, 3];91;246.58333;22.472527
99;24;91;1101;1399;1384;[0, 5, 3, 2, 4, 3, 1, 7, 1, 3];91;249.75;22.472527
100;24;91;1109;1391;1376;[0, 5, 3, 2, 4, 3, 1, 7, 1, 3];91;253.75;22.472527
101;24;91;1117;1383;1369;[0, 5, 3, 2, 4, 3, 1, 7, 1, 3];91;257.75;22.472527
102;25;91;1127;1373;1358;[0, 5, 3, 2, 4, 3, 1, 7, 1, 3];91;250.48;22.472527
103;25;91;1136;1364;1349;[0, 5, 3, 2, 4, 3, 1, 7, 1, 3];91;252.28;22.472527
104;25;91;1143;1357;1340;[0, 5, 3, 2, 4, 3, 1, 7, 1, 3];91;256.48;22.472527
105;25;91;1150;1350;1335;[0, 5, 3, 2, 4, 3, 1, 7, 1, 3];91;260.68;22.472527
106;25;91;1159;1341;1325;[0, 5, 3, 2, 4, 3, 1, 7, 1, 3];91;264.08;22.472527
107;25;91;1166;1334;1320;[0, 5, 3, 2, 4, 3, 1, 7, 1, 3];91;268.28;22.472527
108;25;91;1168;1332;1319;[0, 5, 3, 2, 4, 3, 1, 7, 1, 3];91;274.48;22.472527
109;25;91;1173;1327;1313;[0, 5, 3, 2, 4, 3, 1, 7, 1, 3];91;279.48;22.472527
110;26;91;1179;1321;1309;[0, 5, 3, 2, 4, 3, 1, 7, 1, 3];91;273.15384;22.472527
111;28;91;1186;1314;1301;[0, 0, 7, 2, 3, 2, 5, 5, 2, 6];91;257.35715;22.472527
112;29;91;1192;1308;1294;[0, 0, 7, 2, 3, 2, 5, 5, 2, 6];91;252.34483;22.472527
113;30;91;1195;1305;1291;[0, 0, 7, 2, 3, 2, 5, 5, 2, 6];91;248.63333;22.472527
114;30;91;1199;1301;1284;[0, 0, 7, 2, 3, 2, 5, 5, 2, 6];91;251.33333;22.472527
115;30;91;1207;1293;1274;[0, 0, 7, 2, 3, 2, 5, 5, 2, 6];91;254.33333;22.472527
116;31;91;1211;1289;1273;[0, 0, 7, 2, 3, 2, 5, 5, 2, 6];91;250.32259;22.472527
117;32;91;1214;1286;1269;[0, 0, 7, 2, 3, 2, 5, 5, 2, 6];91;246.84375;22.472527
118;33;91;1215;1285;1269;[0, 0, 7, 2, 3, 2, 5, 5, 2, 6];91;244.15152;22.472527
119;35;91;1219;1281;1266;[0, 0, 7, 2, 3, 2, 5, 5, 2, 6];91;233.82857;22.472527
120;35;91;1221;1279;1258;[0, 0, 7, 2, 3, 2, 5, 5, 2, 6];91;235.42857;22.472527
121;37;92;1223;1277;1259;[0, 0, 7, 2, 3, 2, 5, 5, 2, 6];92;223.75676;23.532608
122;38;93;1224;1276;1257;[0, 0, 7, 2, 3, 2, 5, 5, 2, 6];93;221.89473;24.580645
123;39;93;1224;1276;1255;[0, 0, 7, 2, 3, 2, 5, 5, 2, 6];93;220.35898;24.580645
124;41;93;1224;1276;1254;[0, 0, 7, 2, 3, 2, 5, 5, 2, 6];93;210.82927;24.580645
125;42;93;1226;1274;1250;[0, 0, 7, 2, 3, 2, 5, 5, 2, 6];93;209.11905;24.580645
126;41;94;1228;1272;1247;[0, 2, 3, 5, 2, 4, 6, 0, 5, 4];94;217.58537;24.478724
127;41;94;1227;1273;1247;[0, 2, 3, 5, 2, 4, 6, 0, 5, 4];94;220.53659;24.478724
128;42;94;1226;1274;1249;[0, 2, 3, 5, 2, 4, 6, 0, 5, 4];94;215.35715;24.478724
129;43;94;1227;1273;1247;[0, 2, 3, 5, 2, 4, 6, 0, 5, 4];94;211.39536;24.478724
130;43;95;1226;1274;1248;[0, 2, 3, 5, 2, 4, 6, 0, 5, 4];95;215.27907;24.4
131;42;96;1224;1276;1248;[0, 2, 3, 5, 2, 4, 6, 0, 5, 4];96;224.61905;25.5
132;43;96;1228;1272;1244;[0, 2, 3, 5, 2, 4, 6, 0, 5, 4];96;222.13954;25.5
133;45;96;1230;1270;1243;[0, 2, 3, 5, 2, 4, 6, 0, 5, 4];96;215.31111;25.5
134;46;97;1229;1271;1244;[0, 2, 3, 5, 2, 4, 6, 0, 5, 4];97;208.93478;25.463917
135;49;97;1232;1268;1237;[0, 2, 3, 5, 2, 4, 6, 0, 5, 4];97;198.67346;25.463917
136;51;97;1237;1263;1231;[0, 2, 3, 5, 2, 4, 6, 0, 5, 4];97;192.86275;25.463917
137;51;98;1242;1258;1224;[0, 2, 3, 5, 2, 4, 6, 0, 5, 4];98;194.80392;25.387754
138;50;99;1243;1257;1222;[0, 2, 3, 5, 2, 4, 6, 0, 5, 4];99;201.48;25.262627
139;49;101;1244;1256;1222;[0, 5, 0, 3, 6, 7, 1, 0, 6, 6];101;208.44897;25.029703
140;49;101;1248;1252;1216;[0, 5, 0, 3, 6, 7, 1, 0, 6, 6];101;210.71428;25.029703
141;49;102;1252;1248;1212;[0, 1, 7, 0, 6, 5, 4, 4, 0, 1];102;208.7551;24.87255
142;50;102;1254;1246;1209;[0, 1, 7, 0, 6, 5, 4, 4, 0, 1];102;207.2;24.87255
143;51;102;1252;1248;1211;[0, 1, 7, 0, 6, 5, 4, 4, 0, 1];102;206.47058;24.87255
144;53;103;1252;1248;1212;[0, 1, 7, 0, 6, 5, 4, 4, 0, 1];103;201.49057;24.834951
145;55;103;1253;1247;1209;[0, 1, 7, 0, 6, 5, 4, 4, 0, 1];103;196.65454;24.834951
146;59;103;1252;1248;1211;[0, 1, 7, 0, 6, 5, 4, 4, 0, 1];103;185.94916;24.834951
147;61;103;1249;1251;1209;[0, 1, 7, 0, 6, 5, 4, 4, 0, 1];103;182.65573;24.834951
148;59;106;1245;1255;1215;[0, 1, 7, 0, 6, 5, 4, 4, 0, 1];106;191.88136;24.688679
149;62;106;1239;1261;1220;[0, 1, 7, 0, 6, 5, 4, 4, 0, 1];106;185.83871;24.688679
150;65;106;1238;1262;1220;[0, 1, 7, 0, 6, 5, 4, 4, 0, 1];106;179.53847;24.688679
151;70;106;1235;1265;1223;[0, 1, 7, 0, 6, 5, 4, 4, 0, 1];106;169.07143;24.688679
152;75;106;1227;1273;1226;[0, 1, 7, 0, 6, 5, 4, 4, 0, 1];106;160.6;24.688679
153;81;106;1218;1282;1228;[0, 1, 7, 0, 6, 5, 4, 4, 0, 1];106;151.35803;24.688679
154;89;106;1217;1283;1225;[0, 1, 7, 0, 6, 5, 4, 4, 0, 1];106;139.20224;24.688679
155;99;106;1212;1288;1226;[0, 1, 7, 0, 6, 5, 4, 4, 0, 1];106;126.76768;24.688679
156;109;108;1207;1293;1226;[0, 1, 7, 0, 6, 5, 4, 4, 0, 1];108;116.522934;24.481482
157;124;108;1198;1302;1231;[0, 1, 3, 6, 5, 6, 5, 0, 6, 3];108;103.8871;24.481482
158;139;108;1189;1311;1231;[0, 1, 3, 6, 5, 6, 5, 0, 6, 3];108;93.87051;24.481482
159;152;109;1179;1321;1231;[0, 1, 3, 6, 5, 6, 5, 0, 6, 3];109;86.90131;24.339449
160;177;109;1172;1328;1238;[0, 1, 3, 6, 5, 6, 5, 0, 6, 3];109;74.27683;24.339449
161;196;110;1157;1343;1234;[0, 1, 3, 0, 6, 1, 1, 0, 7, 7];110;67.95918;25.572727
162;218;111;1148;1352;1227;[0, 0, 7, 2, 3, 2, 5, 5, 2, 6];111;60.752293;25.414415
163;233;116;1140;1360;1229;[0, 0, 7, 2, 3, 2, 5, 5, 2, 6];116;57.107296;24.896551
164;256;116;1131;1369;1223;[0, 0, 7, 2, 3, 2, 5, 5, 2, 6];116;52.19922;24.896551
165;276;122;1119;1381;1231;[0, 0, 7, 2, 3, 2, 5, 5, 2, 6];122;48.648552;25.295082
166;301;125;1112;1388;1217;[0, 0, 7, 2, 3, 2, 5, 5, 2, 6];125;44.58804;25.032
167;319;130;1107;1393;1222;[0, 0, 7, 2, 3, 2, 5, 5, 2, 6];130;41.912224;24.7
168;336;134;1095;1405;1222;[0, 0, 7, 2, 3, 2, 5, 5, 2, 6];134;39.794643;24.24627
169;347;140;1089;1411;1221;[0, 0, 7, 2, 3, 2, 5, 5, 2, 6];140;38.31412;23.821428
170;361;151;1069;1431;1236;[0, 0, 7, 2, 3, 2, 5, 5, 2, 6];151;36.97507;23.086092
171;383;162;1062;1438;1244;[0, 0, 7, 2, 3, 2, 5, 5, 2, 6];162;34.61358;22.765432
172;402;174;1048;1452;1236;[0, 0, 7, 2, 3, 2, 5, 5, 2, 6];174;32.870647;22.310345
173;428;186;1038;1462;1234;[0, 0, 7, 2, 3, 2, 5, 5, 2, 6];186;30.635513;21.983871
174;457;192;1029;1471;1234;[0, 0, 4, 0, 4, 1, 1, 5, 5, 2];192;28.389496;21.838541
175;471;210;1014;1486;1233;[0, 0, 4, 0, 4, 1, 1, 5, 5, 2];210;27.318472;21.242857
176;491;227;1003;1497;1231;[0, 0, 4, 0, 4, 1, 1, 5, 5, 2];227;25.8167;20.612335
177;502;247;987;1513;1236;[0, 0, 4, 0, 4, 1, 1, 5, 5, 2];247;24.964144;20.105263
178;528;261;976;1524;1241;[0, 0, 1, 2, 4, 5, 5, 1, 2, 4];261;23.357954;19.858238
179;532;286;955;1545;1256;[0, 0, 1, 2, 4, 5, 5, 1, 2, 4];286;22.947369;20.164335
180;543;308;938;1562;1269;[0, 0, 1, 2, 4, 5, 5, 1, 2, 4];308;22.116022;19.883118
181;541;333;915;1585;1279;[0, 0, 1, 2, 4, 5, 5, 1, 2, 4];333;21.617374;19.54955
182;540;357;900;1600;1282;[0, 0, 1, 2, 4, 5, 5, 1, 2, 4];357;21.251852;19.29972
183;528;388;887;1613;1310;[0, 0, 1, 2, 4, 5, 5, 1, 2, 4];388;21.25;19.061855
184;516;412;873;1627;1317;[0, 0, 1, 2, 4, 5, 5, 1, 2, 4];412;21.364342;18.995146
185;511;434;863;1637;1323;[0, 0, 1, 2, 4, 5, 5, 1, 2, 4];434;21.113503;18.907835
186;504;458;845;1655;1335;[0, 0, 1, 2, 4, 5, 5, 1, 2, 4];458;20.64881;18.91703
187;497;480;842;1658;1331;[0, 0, 2, 3, 2, 7, 6, 0, 1, 5];480;20.38833;18.702084
188;491;501;824;1676;1348;[0, 0, 2, 3, 2, 7, 6, 0, 1, 5];501;20.38493;18.806387
189;480;529;805;1695;1387;[0, 0, 4, 0, 4, 1, 1, 5, 5, 2];529;20.4625;18.701323
190;463;562;787;1713;1401;[0, 0, 4, 0, 4, 1, 1, 5, 5, 2];562;20.87041;18.763346
191;448;586;765;1735;1415;[0, 0, 4, 0, 4, 1, 1, 5, 5, 2];586;21.464285;18.802048
192;436;612;749;1751;1438;[0, 0, 4, 0, 4, 1, 1, 5, 5, 2];612;21.839449;18.874184
193;422;639;732;1768;1465;[0, 0, 4, 0, 4, 1, 1, 5, 5, 2];639;22.329384;19.118937
194;409;664;713;1787;1490;[0, 0, 4, 0, 4, 1, 1, 5, 5, 2];664;22.93643;19.100904
195;406;686;707;1793;1501;[0, 0, 4, 0, 4, 1, 1, 5, 5, 2];686;22.615763;19.432945
196;392;713;701;1799;1518;[0, 0, 4, 0, 4, 1, 1, 5, 5, 2];713;22.989796;19.610098
197;380;737;683;1817;1537;[0, 0, 4, 0, 4, 1, 1, 5, 5, 2];737;23.523684;19.583447
198;370;758;669;1831;1557;[0, 0, 4, 0, 4, 1, 1, 5, 5, 2];758;23.913513;19.562006
199;355;778;667;1833;1555;[0, 0, 4, 1, 1, 5, 1, 4, 1, 4];778;24.484507;19.587404
200;353;792;663;1837;1579;[0, 0, 4, 1, 1, 5, 1, 4, 1, 4];792;24.283287;19.618687
201;348;810;654;1846;1582;[0, 0, 4, 1, 1, 5, 1, 4, 1, 4];810;24.333334;19.630865
202;343;829;640;1860;1598;[0, 0, 4, 1, 1, 5, 1, 4, 1, 4];829;24.539358;19.646563
203;335;849;629;1871;1613;[0, 0, 7, 0, 5, 1, 1, 5, 7, 6];849;25.01194;19.706715
204;325;866;611;1889;1621;[0, 0, 7, 0, 5, 1, 1, 5, 7, 6];866;25.846153;19.702078
205;320;882;603;1897;1640;[0, 0, 7, 0, 5, 1, 1, 5, 7, 6];882;25.871876;19.959183
206;310;901;591;1909;1667;[0, 0, 7, 2, 3, 2, 5, 5, 2, 6];901;26.329033;20.006659
207;303;918;572;1928;1680;[0, 0, 7, 2, 3, 2, 5, 5, 2, 6];918;26.937294;20.028322
208;299;929;563;1937;1691;[0, 0, 7, 2, 3, 2, 5, 5, 2, 6];929;27.183947;20.061356
209;304;938;551;1949;1710;[0, 0, 7, 2, 3, 2, 5, 5, 2, 6];938;26.717106;20.053305
210;304;948;549;1951;1707;[0, 0, 7, 2, 3, 2, 5, 5, 2, 6];948;26.365131;20.001055
211;303;959;543;1957;1711;[0, 0, 7, 2, 3, 2, 5, 5, 2, 6];959;26.09901;20.089676
212;303;968;531;1969;1722;[0, 0, 7, 2, 3, 2, 5, 5, 2, 6];968;26.122112;20.122934
213;296;980;516;1984;1727;[0, 0, 7, 2, 3, 2, 5, 5, 2, 6];980;26.780405;20.336735
214;292;990;496;2004;1751;[0, 0, 7, 2, 3, 2, 5, 5, 2, 6];990;27.462328;20.538383
215;288;1000;489;2011;1756;[0, 0, 7, 2, 3, 2, 5, 5, 2, 6];1000;27.54514;20.542
216;289;1008;483;2017;1768;[0, 0, 7, 2, 3, 2, 5, 5, 2, 6];1008;27.131489;20.52877
217;296;1015;478;2022;1780;[0, 0, 4, 5, 3, 2, 7, 6, 3, 7];1015;25.861486;20.529064
218;289;1029;467;2033;1779;[0, 0, 4, 5, 3, 2, 7, 6, 3, 7];1029;26.394464;20.665695
219;289;1039;457;2043;1791;[0, 0, 4, 5, 3, 2, 7, 6, 3, 7];1039;26.224913;20.845043
220;293;1044;449;2051;1799;[0, 0, 4, 5, 3, 2, 7, 6, 3, 7];1044;25.79181;20.824713
221;295;1055;434;2066;1816;[0, 0, 4, 5, 3, 2, 7, 6, 3, 7];1055;25.61017;20.909004
222;296;1064;429;2071;1812;[0, 0, 4, 5, 3, 2, 7, 6, 3, 7];1064;25.33446;20.93515
223;287;1079;426;2074;1820;[0, 0, 4, 5, 3, 2, 7, 6, 3, 7];1079;25.86411;21.160334
224;288;1086;419;2081;1828;[0, 0, 4, 5, 3, 2, 7, 6, 3, 7];1086;25.479166;21.202578
225;292;1092;411;2089;1836;[0, 0, 4, 5, 3, 2, 7, 6, 3, 7];1092;24.89726;21.185898
226;292;1101;406;2094;1833;[0, 0, 4, 5, 3, 2, 7, 6, 3, 7];1101;24.712328;21.200727
227;297;1109;393;2107;1850;[0, 0, 4, 5, 3, 2, 7, 6, 3, 7];1109;24.346802;21.225428
228;298;1118;388;2112;1861;[0, 0, 4, 5, 3, 2, 7, 6, 3, 7];1118;23.946308;21.24866
229;297;1129;388;2112;1858;[0, 1, 0, 5, 0, 6, 4, 4, 5, 1];1129;23.6734;21.259521
230;302;1138;384;2116;1859;[0, 1, 0, 5, 0, 6, 4, 4, 5, 1];1138;22.841059;21.3471
231;306;1146;378;2122;1861;[0, 1, 0, 5, 0, 6, 4, 4, 5, 1];1146;22.156862;21.490402
232;304;1156;373;2127;1860;[0, 1, 0, 5, 0, 6, 4, 4, 5, 1];1156;22.118422;21.624567
233;300;1170;371;2129;1873;[0, 1, 0, 5, 0, 6, 4, 4, 5, 1];1170;22.063334;21.778633
234;296;1180;367;2133;1882;[0, 1, 0, 5, 0, 6, 4, 4, 5, 1];1180;22.114864;21.799152
235;293;1190;360;2140;1893;[0, 1, 0, 5, 0, 6, 4, 4, 5, 1];1190;22.21843;21.954622
236;287;1203;359;2141;1892;[0, 1, 0, 5, 0, 6, 4, 4, 5, 1];1203;21.95122;22.208645
237;287;1213;355;2145;1907;[0, 1, 0, 5, 0, 6, 4, 4, 5, 1];1213;21.770035;22.265457
238;291;1220;346;2154;1911;[0, 1, 0, 5, 0, 6, 4, 4, 5, 1];1220;21.378006;22.304918
239;287;1232;338;2162;1916;[0, 1, 0, 5, 0, 6, 4, 4, 5, 1];1232;21.452961;22.370941
240;292;1238;338;2162;1912;[0, 1, 0, 5, 0, 6, 4, 4, 5, 1];1238;20.753426;22.396608
241;296;1247;328;2172;1924;[0, 0, 6, 0, 6, 7, 0, 7, 2, 2];1247;20.422297;22.455494
242;298;1251;321;2179;1918;[0, 0, 6, 0, 6, 7, 0, 7, 2, 2];1251;20.003355;22.438848
243;307;1257;319;2181;1934;[0, 0, 6, 0, 6, 7, 0, 7, 2, 2];1257;19.016287;22.535402
244;307;1268;316;2184;1924;[0, 0, 6, 0, 6, 7, 0, 7, 2, 2];1268;18.745928;22.638012
245;313;1275;322;2178;1918;[0, 0, 6, 0, 6, 7, 0, 7, 2, 2];1275;17.635782;22.730196
246;300;1290;323;2177;1917;[0, 0, 6, 0, 6, 7, 0, 7, 2, 2];1290;17.65;22.713179
247;289;1307;324;2176;1922;[0, 0, 6, 0, 6, 7, 0, 7, 2, 2];1307;17.906574;22.716145
248;291;1319;326;2174;1927;[0, 0, 6, 0, 6, 7, 0, 7, 2, 2];1319;17.33677;22.74223
249;292;1327;325;2175;1923;[0, 0, 6, 0, 6, 7, 0, 7, 2, 2];1327;16.986301;22.906557
250;283;1342;324;2176;1931;[0, 0, 6, 0, 6, 7, 0, 7, 2, 2];1342;17.219082;22.964977
251;275;1355;324;2176;1947;[0, 0, 6, 0, 6, 7, 0, 7, 2, 2];1355;17.283636;23.002214
252;280;1359;330;2170;1935;[0, 0, 6, 0, 6, 7, 0, 7, 2, 2];1359;16.446428;23.019133
253;274;1370;325;2175;1935;[0, 0, 6, 0, 6, 7, 0, 7, 2, 2];1370;16.638685;22.99051
254;269;1386;331;2169;1945;[0, 0, 6, 0, 6, 7, 0, 7, 2, 2];1386;16.275093;23.04834
255;267;1396;326;2174;1951;[0, 0, 6, 0, 6, 7, 0, 7, 2, 2];1396;16.269663;23.049427
256;263;1410;334;2166;1945;[0, 0, 6, 0, 6, 7, 0, 7, 2, 2];1410;15.897339;23.106382
257;264;1416;329;2171;1951;[0, 0, 6, 0, 6, 7, 0, 7, 2, 2];1416;15.700758;23.133474
258;260;1427;329;2171;1945;[0, 0, 6, 0, 6, 7, 0, 7, 2, 2];1427;15.607693;23.090399
259;254;1438;332;2168;1949;[0, 0, 6, 5, 4, 2, 6, 6, 3, 3];1438;15.519685;23.212795
260;250;1447;336;2164;1950;[0, 0, 6, 5, 4, 2, 6, 6, 3, 3];1447;15.276;23.202488
261;248;1455;337;2163;1952;[0, 0, 6, 5, 4, 2, 6, 6, 3, 3];1455;15.133064;23.231615
262;241;1469;336;2164;1956;[0, 0, 6, 5, 4, 2, 6, 6, 3, 3];1469;15.356847;23.2226
263;234;1482;339;2161;1962;[0, 0, 6, 5, 4, 2, 6, 6, 3, 3];1482;15.495727;23.319838
264;225;1492;342;2158;1960;[0, 0, 6, 5, 4, 2, 6, 6, 3, 3];1492;15.782222;23.345844
265;220;1501;351;2149;1959;[0, 0, 6, 5, 4, 2, 6, 6, 3, 3];1501;15.318182;23.530313
266;218;1508;345;2155;1959;[0, 0, 6, 5, 4, 2, 6, 6, 3, 3];1508;15.633027;23.583555
267;217;1514;346;2154;1971;[0, 0, 6, 5, 4, 2, 6, 6, 3, 3];1514;15.576036;23.611626
268;218;1522;348;2152;1976;[0, 0, 6, 5, 4, 2, 6, 6, 3, 3];1522;15.19266;23.639948
269;212;1533;343;2157;1981;[0, 0, 6, 5, 4, 2, 6, 6, 3, 3];1533;15.735849;23.722765
270;211;1539;347;2153;1971;[0, 0, 6, 5, 4, 2, 6, 6, 3, 3];1539;15.431279;23.68941
271;212;1544;342;2158;1976;[0, 0, 6, 5, 4, 2, 6, 6, 3, 3];1544;15.457547;23.748056
272;208;1551;346;2154;1970;[0, 0, 6, 5, 4, 2, 6, 6, 3, 3];1551;15.504807;23.765957
273;211;1555;347;2153;1975;[0, 0, 6, 5, 4, 2, 6, 6, 3, 3];1555;15.052133;23.74791
274;206;1563;347;2153;1977;[0, 0, 6, 5, 4, 2, 6, 6, 3, 3];1563;15.330097;23.78439
275;206;1569;345;2155;1986;[0, 0, 6, 5, 4, 2, 6, 6, 3, 3];1569;15.218447;23.863607
276;211;1573;343;2157;1976;[0, 0, 6, 5, 4, 2, 6, 6, 3, 3];1573;14.824644;24.028608
277;210;1577;340;2160;1976;[0, 0, 6, 5, 4, 2, 6, 6, 3, 3];1577;14.976191;24.032974
278;203;1584;338;2162;1977;[0, 0, 6, 5, 4, 2, 6, 6, 3, 3];1584;15.53202;24.166666
279;201;1592;331;2169;1996;[0, 0, 6, 5, 4, 2, 6, 6, 3, 3];1592;15.960199;24.221106
280;197;1599;336;2164;1992;[0, 0, 6, 5, 4, 2, 6, 6, 3, 3];1599;16.025381;24.292057
281;191;1607;340;2160;1995;[0, 1, 5, 0, 2, 7, 0, 1, 2, 5];1607;16.240837;24.31425
282;188;1613;341;2159;1989;[0, 1, 5, 0, 2, 7, 0, 1, 2, 5];1613;16.292553;24.429014
283;189;1617;345;2155;1988;[0, 1, 5, 0, 2, 7, 0, 1, 2, 5];1617;16.015873;24.406927
284;182;1628;351;2149;1989;[0, 1, 5, 0, 2, 7, 0, 1, 2, 5];1628;16.324175;24.591524
285;182;1631;354;2146;1985;[0, 1, 5, 0, 2, 7, 0, 1, 2, 5];1631;16.208792;24.616186
286;181;1634;359;2141;1978;[0, 1, 5, 0, 2, 7, 0, 1, 2, 5];1634;16.088398;24.611996
287;174;1644;367;2133;1979;[0, 1, 5, 0, 2, 7, 0, 1, 2, 5];1644;16.316092;24.600973
288;174;1646;365;2135;1975;[0, 1, 5, 0, 2, 7, 0, 1, 2, 5];1646;16.58046;24.600851
289;174;1651;368;2132;1980;[0, 1, 5, 0, 2, 7, 0, 1, 2, 5];1651;16.454023;24.670504
290;175;1654;364;2136;1978;[0, 1, 5, 0, 2, 7, 0, 1, 2, 5];1654;16.668571;24.672915
291;176;1657;363;2137;1981;[0, 1, 5, 0, 2, 7, 0, 1, 2, 5];1657;16.772728;24.675318
292;169;1667;371;2129;1977;[0, 1, 5, 0, 2, 7, 0, 1, 2, 5];1667;17.029585;24.790642
293;166;1671;371;2129;1976;[0, 1, 5, 0, 2, 7, 0, 1, 2, 5];1671;17.439758;24.8079
294;164;1677;371;2129;1981;[0, 1, 5, 0, 2, 7, 0, 1, 2, 5];1677;17.756098;24.842577
295;164;1683;370;2130;1993;[0, 1, 5, 0, 2, 7, 0, 1, 2, 5];1683;17.975609;24.996435
296;162;1687;378;2122;1981;[0, 1, 5, 0, 2, 7, 0, 1, 2, 5];1687;17.808641;25.03616
297;159;1691;381;2119;1971;[0, 1, 5, 0, 2, 7, 0, 1, 2, 5];1691;18.08176;25.136606
298;160;1695;381;2119;1978;[0, 1, 5, 0, 2, 7, 0, 1, 2, 5];1695;18.14375;25.175812
299;156;1702;385;2115;1974;[0, 1, 5, 0, 2, 7, 0, 1, 2, 5];1702;18.487179;25.218567
300;155;1706;388;2112;1975;[0, 1, 5, 0, 2, 7, 0, 1, 2, 5];1706;18.490322;25.22333
301;152;1711;384;2116;1977;[0, 1, 3, 5, 5, 7, 4, 3, 0, 6];1711;19.223684;25.2443
302;151;1716;385;2115;1982;[0, 1, 3, 5, 5, 7, 4, 3, 0, 6];1716;19.456953;25.224941
303;149;1718;384;2116;1974;[0, 1, 3, 5, 5, 7, 4, 3, 0, 6];1718;20.080538;25.243889
304;152;1718;386;2114;1978;[0, 1, 3, 5, 5, 7, 4, 3, 0, 6];1718;19.598684;25.243889
305;154;1719;386;2114;1972;[0, 1, 3, 5, 5, 7, 4, 3, 0, 6];1719;19.59091;25.262943
306;157;1721;384;2116;1977;[0, 1, 3, 5, 5, 7, 4, 3, 0, 6];1721;19.509554;25.26903
307;156;1725;390;2110;1972;[0, 1, 3, 5, 5, 7, 4, 3, 0, 6];1725;19.461538;25.284637
308;154;1729;389;2111;1970;[0, 1, 3, 5, 5, 7, 4, 3, 0, 6];1729;19.954546;25.29786
309;152;1732;387;2113;1972;[0, 1, 3, 5, 5, 7, 4, 3, 0, 6];1732;20.625;25.327944
310;155;1734;391;2109;1970;[0, 1, 3, 5, 5, 7, 4, 3, 0, 6];1734;20.174194;25.349482
311;155;1737;390;2110;1967;[0, 1, 3, 5, 5, 7, 4, 3, 0, 6];1737;20.529032;25.417961
312;157;1741;393;2107;1971;[0, 1, 3, 5, 5, 7, 4, 3, 0, 6];1741;20.292994;25.464102
313;155;1745;394;2106;1962;[0, 1, 3, 5, 5, 7, 4, 3, 0, 6];1745;20.658064;25.532951
314;153;1749;396;2104;1964;[0, 1, 3, 5, 5, 7, 4, 3, 0, 6];1749;20.928104;25.559748
315;150;1752;409;2091;1949;[0, 1, 3, 5, 5, 7, 4, 3, 0, 6];1752;20.74;25.578768
316;148;1758;406;2094;1960;[0, 1, 5, 0, 2, 7, 0, 1, 2, 5];1758;21.445946;25.670649
317;149;1761;415;2085;1948;[0, 1, 5, 0, 2, 7, 0, 1, 2, 5];1761;20.677853;25.739353
318;151;1763;417;2083;1947;[0, 1, 5, 0, 2, 7, 0, 1, 2, 5];1763;20.609272;25.796938
319;149;1768;417;2083;1948;[0, 2, 3, 6, 2, 7, 1, 3, 7, 2];1768;21.107382;25.876131
320;150;1770;420;2080;1944;[0, 2, 3, 6, 2, 7, 1, 3, 7, 2];1770;21.106667;25.887005
321;147;1774;414;2086;1945;[0, 2, 3, 6, 2, 7, 1, 3, 7, 2];1774;22.156462;26.034948
322;151;1776;414;2086;1956;[0, 2, 3, 6, 2, 7, 1, 3, 7, 2];1776;21.794703;26.021397
323;154;1778;406;2094;1961;[0, 2, 0, 1, 2, 7, 3, 3, 3, 3];1778;22.207792;26.033747
324;164;1779;406;2094;1965;[0, 2, 0, 1, 2, 7, 3, 3, 3, 3];1779;21.060976;26.025858
325;160;1785;407;2093;1946;[0, 2, 0, 1, 2, 7, 3, 3, 3, 3];1785;21.65625;26.114286
326;166;1785;409;2091;1944;[0, 2, 0, 1, 2, 7, 3, 3, 3, 3];1785;20.885542;26.114286
327;168;1787;404;2096;1946;[0, 2, 0, 1, 2, 7, 3, 3, 3, 3];1787;21.053572;26.134304
328;171;1790;412;2088;1943;[0, 2, 0, 1, 2, 7, 3, 3, 3, 3];1790;20.40351;26.160894
329;171;1792;408;2092;1938;[0, 2, 0, 1, 2, 7, 3, 3, 3, 3];1792;20.807018;26.181362
330;173;1795;405;2095;1942;[0, 2, 0, 1, 2, 7, 3, 3, 3, 3];1795;20.907515;26.231754
331;173;1798;403;2097;1944;[0, 2, 0, 1, 2, 7, 3, 3, 3, 3];1798;20.780346;26.221357
332;178;1801;401;2099;1953;[0, 2, 0, 1, 2, 7, 3, 3, 3, 3];1801;20.196629;26.286507
333;180;1803;398;2102;1943;[0, 2, 0, 1, 2, 7, 3, 3, 3, 3];1803;20.26111;26.26955
334;189;1803;398;2102;1940;[0, 2, 0, 1, 2, 7, 3, 3, 3, 3];1803;19.222221;26.26955
335;188;1806;396;2104;1932;[0, 2, 0, 1, 2, 7, 3, 3, 3, 3];1806;19.48936;26.363234
336;192;1809;396;2104;1943;[0, 2, 0, 1, 2, 7, 3, 3, 3, 3];1809;19.0;26.384743
337;192;1814;392;2108;1942;[0, 2, 0, 1, 2, 7, 3, 3, 3, 3];1814;19.25;26.438257
338;193;1815;388;2112;1940;[0, 2, 0, 1, 2, 7, 3, 3, 3, 3];1815;19.398964;26.445179
339;197;1821;395;2105;1946;[0, 2, 0, 1, 2, 7, 3, 3, 3, 3];1821;18.598986;26.505217
340;197;1825;392;2108;1933;[0, 2, 0, 1, 2, 7, 3, 3, 3, 3];1825;18.756346;26.555616
341;196;1830;389;2111;1936;[0, 2, 0, 1, 2, 7, 3, 3, 3, 3];1830;18.928572;26.553005
342;193;1835;383;2117;1947;[0, 2, 0, 1, 2, 7, 3, 3, 3, 3];1835;19.388601;26.610899
343;194;1839;380;2120;1951;[0, 2, 0, 1, 2, 7, 3, 3, 3, 3];1839;19.13402;26.631865
344;199;1845;388;2112;1944;[0, 2, 0, 1, 2, 7, 3, 3, 3, 3];1845;18.236181;26.610298
345;200;1849;383;2117;1948;[0, 1, 5, 0, 2, 7, 0, 1, 2, 5];1849;18.34;26.619253
346;202;1854;388;2112;1938;[0, 1, 5, 0, 2, 7, 0, 1, 2, 5];1854;17.91089;26.623516
347;200;1860;388;2112;1936;[0, 1, 5, 0, 2, 7, 0, 1, 2, 5];1860;18.075;26.686022
348;196;1870;384;2116;1949;[0, 1, 5, 0, 2, 7, 0, 1, 2, 5];1870;18.647959;26.747593
349;198;1875;391;2109;1941;[0, 1, 5, 0, 2, 7, 0, 1, 2, 5];1875;18.10101;26.717867
350;196;1883;399;2101;1930;[0, 1, 5, 0, 2, 7, 0, 1, 2, 5];1883;17.80102;26.727032
351;198;1891;392;2108;1946;[0, 1, 5, 0, 2, 7, 0, 1, 2, 5];1891;17.873737;26.767847
352;200;1898;394;2106;1941;[0, 1, 5, 0, 2, 7, 0, 1, 2, 5];1898;17.275;26.78135
353;200;1903;392;2108;1934;[0, 1, 5, 0, 2, 7, 0, 1, 2, 5];1903;17.24;26.987389
354;201;1907;387;2113;1933;[0, 1, 5, 0, 2, 7, 0, 1, 2, 5];1907;17.109453;27.018353
355;207;1909;381;2119;1938;[0, 1, 5, 0, 2, 7, 0, 1, 2, 5];1909;16.874395;27.005238
356;205;1913;383;2117;1933;[0, 1, 5, 0, 2, 7, 0, 1, 2, 5];1913;16.8;26.996342
357;203;1919;380;2120;1938;[0, 1, 5, 0, 2, 7, 0, 1, 2, 5];1919;17.08867;27.025013
358;202;1924;375;2125;1946;[0, 1, 5, 0, 2, 7, 0, 1, 2, 5];1924;17.376238;27.047817
359;199;1931;374;2126;1948;[0, 1, 5, 0, 2, 7, 0, 1, 2, 5];1931;17.582914;27.01709
360;202;1932;369;2131;1955;[0, 1, 5, 0, 2, 7, 0, 1, 2, 5];1932;17.574257;27.078157
361;205;1938;377;2123;1949;[0, 1, 5, 0, 2, 7, 0, 1, 2, 5];1938;16.751219;27.109907
362;200;1945;364;2136;1955;[0, 1, 5, 0, 2, 7, 0, 1, 2, 5];1945;17.795;27.1491
363;207;1947;367;2133;1958;[0, 1, 5, 0, 2, 7, 0, 1, 2, 5];1947;16.922705;27.139189
364;202;1954;372;2128;1941;[0, 1, 5, 0, 2, 7, 0, 1, 2, 5];1954;16.925743;27.175026
